{
	"partitions" : [
		{
			"name" : "Top",
			"pins" : [
				{
					"name" : "HEX0[0]",
					"strict" : false
				},
				{
					"name" : "HEX0[1]",
					"strict" : false
				},
				{
					"name" : "HEX0[2]",
					"strict" : false
				},
				{
					"name" : "HEX0[3]",
					"strict" : false
				},
				{
					"name" : "HEX0[4]",
					"strict" : false
				},
				{
					"name" : "HEX0[5]",
					"strict" : false
				},
				{
					"name" : "HEX0[6]",
					"strict" : false
				},
				{
					"name" : "HEX1[1]",
					"strict" : false
				},
				{
					"name" : "HEX1[2]",
					"strict" : false
				},
				{
					"name" : "HEX1[3]",
					"strict" : false
				},
				{
					"name" : "HEX1[6]",
					"strict" : false
				},
				{
					"name" : "HEX2[0]",
					"strict" : false
				},
				{
					"name" : "HEX2[1]",
					"strict" : false
				},
				{
					"name" : "HEX2[2]",
					"strict" : false
				},
				{
					"name" : "HEX2[3]",
					"strict" : false
				},
				{
					"name" : "HEX2[4]",
					"strict" : false
				},
				{
					"name" : "HEX2[5]",
					"strict" : false
				},
				{
					"name" : "HEX2[6]",
					"strict" : false
				},
				{
					"name" : "HEX3[1]",
					"strict" : false
				},
				{
					"name" : "HEX3[2]",
					"strict" : false
				},
				{
					"name" : "HEX3[3]",
					"strict" : false
				},
				{
					"name" : "HEX3[6]",
					"strict" : false
				},
				{
					"name" : "HEX4[0]",
					"strict" : false
				},
				{
					"name" : "HEX4[1]",
					"strict" : false
				},
				{
					"name" : "HEX4[2]",
					"strict" : false
				},
				{
					"name" : "HEX4[3]",
					"strict" : false
				},
				{
					"name" : "HEX4[4]",
					"strict" : false
				},
				{
					"name" : "HEX4[5]",
					"strict" : false
				},
				{
					"name" : "HEX4[6]",
					"strict" : false
				},
				{
					"name" : "HEX5[0]",
					"strict" : false
				},
				{
					"name" : "HEX5[1]",
					"strict" : false
				},
				{
					"name" : "HEX5[2]",
					"strict" : false
				},
				{
					"name" : "HEX5[3]",
					"strict" : false
				},
				{
					"name" : "HEX5[4]",
					"strict" : false
				},
				{
					"name" : "HEX5[5]",
					"strict" : false
				},
				{
					"name" : "HEX5[6]",
					"strict" : false
				},
				{
					"name" : "HEX00[0]",
					"strict" : false
				},
				{
					"name" : "HEX00[1]",
					"strict" : false
				},
				{
					"name" : "HEX00[2]",
					"strict" : false
				},
				{
					"name" : "HEX00[3]",
					"strict" : false
				},
				{
					"name" : "HEX00[4]",
					"strict" : false
				},
				{
					"name" : "HEX00[5]",
					"strict" : false
				},
				{
					"name" : "HEX00[6]",
					"strict" : false
				},
				{
					"name" : "HEX01[1]",
					"strict" : false
				},
				{
					"name" : "HEX01[2]",
					"strict" : false
				},
				{
					"name" : "HEX01[3]",
					"strict" : false
				},
				{
					"name" : "HEX01[6]",
					"strict" : false
				},
				{
					"name" : "HEX02[0]",
					"strict" : false
				},
				{
					"name" : "HEX02[1]",
					"strict" : false
				},
				{
					"name" : "HEX02[2]",
					"strict" : false
				},
				{
					"name" : "HEX02[3]",
					"strict" : false
				},
				{
					"name" : "HEX02[4]",
					"strict" : false
				},
				{
					"name" : "HEX02[5]",
					"strict" : false
				},
				{
					"name" : "HEX02[6]",
					"strict" : false
				},
				{
					"name" : "HEX03[1]",
					"strict" : false
				},
				{
					"name" : "HEX03[2]",
					"strict" : false
				},
				{
					"name" : "HEX03[3]",
					"strict" : false
				},
				{
					"name" : "HEX03[6]",
					"strict" : false
				},
				{
					"name" : "HEX04[0]",
					"strict" : false
				},
				{
					"name" : "HEX04[1]",
					"strict" : false
				},
				{
					"name" : "HEX04[2]",
					"strict" : false
				},
				{
					"name" : "HEX04[3]",
					"strict" : false
				},
				{
					"name" : "HEX04[4]",
					"strict" : false
				},
				{
					"name" : "HEX04[5]",
					"strict" : false
				},
				{
					"name" : "HEX04[6]",
					"strict" : false
				},
				{
					"name" : "HEX05[0]",
					"strict" : false
				},
				{
					"name" : "HEX05[1]",
					"strict" : false
				},
				{
					"name" : "HEX05[2]",
					"strict" : false
				},
				{
					"name" : "HEX05[3]",
					"strict" : false
				},
				{
					"name" : "HEX05[4]",
					"strict" : false
				},
				{
					"name" : "HEX05[5]",
					"strict" : false
				},
				{
					"name" : "HEX05[6]",
					"strict" : false
				},
				{
					"name" : "HEX000[0]",
					"strict" : false
				},
				{
					"name" : "HEX000[1]",
					"strict" : false
				},
				{
					"name" : "HEX000[2]",
					"strict" : false
				},
				{
					"name" : "HEX000[3]",
					"strict" : false
				},
				{
					"name" : "HEX000[4]",
					"strict" : false
				},
				{
					"name" : "HEX000[5]",
					"strict" : false
				},
				{
					"name" : "HEX000[6]",
					"strict" : false
				},
				{
					"name" : "HEX001[1]",
					"strict" : false
				},
				{
					"name" : "HEX001[2]",
					"strict" : false
				},
				{
					"name" : "HEX001[3]",
					"strict" : false
				},
				{
					"name" : "HEX001[6]",
					"strict" : false
				},
				{
					"name" : "HEX002[0]",
					"strict" : false
				},
				{
					"name" : "HEX002[1]",
					"strict" : false
				},
				{
					"name" : "HEX002[2]",
					"strict" : false
				},
				{
					"name" : "HEX002[3]",
					"strict" : false
				},
				{
					"name" : "HEX002[4]",
					"strict" : false
				},
				{
					"name" : "HEX002[5]",
					"strict" : false
				},
				{
					"name" : "HEX002[6]",
					"strict" : false
				},
				{
					"name" : "HEX003[1]",
					"strict" : false
				},
				{
					"name" : "HEX003[2]",
					"strict" : false
				},
				{
					"name" : "HEX003[3]",
					"strict" : false
				},
				{
					"name" : "HEX003[6]",
					"strict" : false
				},
				{
					"name" : "HEX004[0]",
					"strict" : false
				},
				{
					"name" : "HEX004[1]",
					"strict" : false
				},
				{
					"name" : "HEX004[2]",
					"strict" : false
				},
				{
					"name" : "HEX004[3]",
					"strict" : false
				},
				{
					"name" : "HEX004[4]",
					"strict" : false
				},
				{
					"name" : "HEX004[5]",
					"strict" : false
				},
				{
					"name" : "HEX004[6]",
					"strict" : false
				},
				{
					"name" : "HEX005[0]",
					"strict" : false
				},
				{
					"name" : "HEX005[1]",
					"strict" : false
				},
				{
					"name" : "HEX005[2]",
					"strict" : false
				},
				{
					"name" : "HEX005[3]",
					"strict" : false
				},
				{
					"name" : "HEX005[4]",
					"strict" : false
				},
				{
					"name" : "HEX005[5]",
					"strict" : false
				},
				{
					"name" : "HEX005[6]",
					"strict" : false
				},
				{
					"name" : "HEX0000[0]",
					"strict" : false
				},
				{
					"name" : "HEX0000[1]",
					"strict" : false
				},
				{
					"name" : "HEX0000[2]",
					"strict" : false
				},
				{
					"name" : "HEX0000[3]",
					"strict" : false
				},
				{
					"name" : "HEX0000[4]",
					"strict" : false
				},
				{
					"name" : "HEX0000[5]",
					"strict" : false
				},
				{
					"name" : "HEX0000[6]",
					"strict" : false
				},
				{
					"name" : "HEX0001[1]",
					"strict" : false
				},
				{
					"name" : "HEX0001[2]",
					"strict" : false
				},
				{
					"name" : "HEX0001[3]",
					"strict" : false
				},
				{
					"name" : "HEX0001[6]",
					"strict" : false
				},
				{
					"name" : "HEX0002[0]",
					"strict" : false
				},
				{
					"name" : "HEX0002[1]",
					"strict" : false
				},
				{
					"name" : "HEX0002[2]",
					"strict" : false
				},
				{
					"name" : "HEX0002[3]",
					"strict" : false
				},
				{
					"name" : "HEX0002[4]",
					"strict" : false
				},
				{
					"name" : "HEX0002[5]",
					"strict" : false
				},
				{
					"name" : "HEX0002[6]",
					"strict" : false
				},
				{
					"name" : "HEX0003[1]",
					"strict" : false
				},
				{
					"name" : "HEX0003[2]",
					"strict" : false
				},
				{
					"name" : "HEX0003[3]",
					"strict" : false
				},
				{
					"name" : "HEX0003[6]",
					"strict" : false
				},
				{
					"name" : "HEX0004[0]",
					"strict" : false
				},
				{
					"name" : "HEX0004[1]",
					"strict" : false
				},
				{
					"name" : "HEX0004[2]",
					"strict" : false
				},
				{
					"name" : "HEX0004[3]",
					"strict" : false
				},
				{
					"name" : "HEX0004[4]",
					"strict" : false
				},
				{
					"name" : "HEX0004[5]",
					"strict" : false
				},
				{
					"name" : "HEX0004[6]",
					"strict" : false
				},
				{
					"name" : "HEX0005[0]",
					"strict" : false
				},
				{
					"name" : "HEX0005[1]",
					"strict" : false
				},
				{
					"name" : "HEX0005[2]",
					"strict" : false
				},
				{
					"name" : "HEX0005[3]",
					"strict" : false
				},
				{
					"name" : "HEX0005[4]",
					"strict" : false
				},
				{
					"name" : "HEX0005[5]",
					"strict" : false
				},
				{
					"name" : "HEX0005[6]",
					"strict" : false
				},
				{
					"name" : "HEX00000[0]",
					"strict" : false
				},
				{
					"name" : "HEX00000[1]",
					"strict" : false
				},
				{
					"name" : "HEX00000[2]",
					"strict" : false
				},
				{
					"name" : "HEX00000[3]",
					"strict" : false
				},
				{
					"name" : "HEX00000[4]",
					"strict" : false
				},
				{
					"name" : "HEX00000[5]",
					"strict" : false
				},
				{
					"name" : "HEX00000[6]",
					"strict" : false
				},
				{
					"name" : "HEX00001[1]",
					"strict" : false
				},
				{
					"name" : "HEX00001[2]",
					"strict" : false
				},
				{
					"name" : "HEX00001[3]",
					"strict" : false
				},
				{
					"name" : "HEX00001[6]",
					"strict" : false
				},
				{
					"name" : "HEX00002[0]",
					"strict" : false
				},
				{
					"name" : "HEX00002[1]",
					"strict" : false
				},
				{
					"name" : "HEX00002[2]",
					"strict" : false
				},
				{
					"name" : "HEX00002[3]",
					"strict" : false
				},
				{
					"name" : "HEX00002[4]",
					"strict" : false
				},
				{
					"name" : "HEX00002[5]",
					"strict" : false
				},
				{
					"name" : "HEX00002[6]",
					"strict" : false
				},
				{
					"name" : "HEX00003[1]",
					"strict" : false
				},
				{
					"name" : "HEX00003[2]",
					"strict" : false
				},
				{
					"name" : "HEX00003[3]",
					"strict" : false
				},
				{
					"name" : "HEX00003[6]",
					"strict" : false
				},
				{
					"name" : "HEX00004[0]",
					"strict" : false
				},
				{
					"name" : "HEX00004[1]",
					"strict" : false
				},
				{
					"name" : "HEX00004[2]",
					"strict" : false
				},
				{
					"name" : "HEX00004[3]",
					"strict" : false
				},
				{
					"name" : "HEX00004[4]",
					"strict" : false
				},
				{
					"name" : "HEX00004[5]",
					"strict" : false
				},
				{
					"name" : "HEX00004[6]",
					"strict" : false
				},
				{
					"name" : "HEX00005[0]",
					"strict" : false
				},
				{
					"name" : "HEX00005[1]",
					"strict" : false
				},
				{
					"name" : "HEX00005[2]",
					"strict" : false
				},
				{
					"name" : "HEX00005[3]",
					"strict" : false
				},
				{
					"name" : "HEX00005[4]",
					"strict" : false
				},
				{
					"name" : "HEX00005[5]",
					"strict" : false
				},
				{
					"name" : "HEX00005[6]",
					"strict" : false
				},
				{
					"name" : "ADDRESS_INPUT[0]",
					"strict" : false
				},
				{
					"name" : "ADDRESS_INPUT[1]",
					"strict" : false
				},
				{
					"name" : "ADDRESS_INPUT[2]",
					"strict" : false
				},
				{
					"name" : "ADDRESS_INPUT[3]",
					"strict" : false
				},
				{
					"name" : "ADDRESS_INPUT[4]",
					"strict" : false
				},
				{
					"name" : "CLOCK",
					"strict" : false
				},
				{
					"name" : "ENABLER",
					"strict" : false
				},
				{
					"name" : "INPUT2[0]",
					"strict" : false
				},
				{
					"name" : "INPUT1[0]",
					"strict" : false
				},
				{
					"name" : "INPUT2[1]",
					"strict" : false
				},
				{
					"name" : "INPUT1[1]",
					"strict" : false
				},
				{
					"name" : "INPUT2[2]",
					"strict" : false
				},
				{
					"name" : "INPUT1[2]",
					"strict" : false
				},
				{
					"name" : "INPUT2[3]",
					"strict" : false
				},
				{
					"name" : "INPUT1[3]",
					"strict" : false
				}
			]
		}
	]
}